<?xml version="1.0" encoding="UTF-8"?>
<project-private xmlns="http://www.netbeans.org/ns/project-private/1">
    <editor-bookmarks xmlns="http://www.netbeans.org/ns/editor-bookmarks/2" lastBookmarkId="0"/>
    <open-files xmlns="http://www.netbeans.org/ns/projectui-open-files/2">
        <group>
            <file>file:/C:/Users/Evan%20Darmanto/Downloads/FoodDeliveryManagementSystemGUI_Proto_3/FoodDeliveryManagementSystemGUI/src/StaffManagementGUI.java</file>
            <file>file:/C:/Users/Evan%20Darmanto/Downloads/FoodDeliveryManagementSystemGUI_Proto_3/FoodDeliveryManagementSystemGUI/src/DataManager.java</file>
            <file>file:/C:/Users/Evan%20Darmanto/Downloads/FoodDeliveryManagementSystemGUI_Proto_3/FoodDeliveryManagementSystemGUI/src/DeliveryDriver.java</file>
            <file>file:/C:/Users/Evan%20Darmanto/Downloads/FoodDeliveryManagementSystemGUI_Proto_3/FoodDeliveryManagementSystemGUI/src/OrderManagementGUI.java</file>
            <file>file:/C:/Users/Evan%20Darmanto/Downloads/FoodDeliveryManagementSystemGUI_Proto_3/FoodDeliveryManagementSystemGUI/src/DriverManagementGUI.java</file>
        </group>
    </open-files>
</project-private>
